William Afton;G6401211000;L;P6401211042;IPB110F(B);KOM120G(A);KOM1304(C);
Salim Yamaguchi;G6401211006;L;-;KOM1232(A);
Ester Bina Br. Damanik;G6401211030;P;P6401211042;KOM120H(A);KOM1221(A);
Lutfiah Nursabiliyanti;G6401211041;P;P6401211042;KOM120I(A);KOM1232(A);
Ilham Satoru;G6401211066;P;P6401211122;IPB110F(A);KOM120A(A);
Angga Apip;G6401211083;L;-;KOM120B(A);KOM120C(A);KOM120D(A);KOM1231(A);
Muhammad Tegar Santoso;G6401211086;L;P6401211069;IPB10C(AB);KOM1102(A);BIO1102(BL);
Kumalala Kumalala Savesta;G6401211200;L;P6401211001;IPB110F(A);MAT1104(BC);
